ID,Mapping
0013,"Swine; live, other than pure~Swine; live, (other than pure"
0015,"Asses, mules and hinnies; live~Mules and hinnies; live~Horses, asses, mules and hinnies; live, other than pure"
0019,"Aquatic invertebrates; other than crustaceans, molluscs, sea urchins, sea cucumbers and jellyfish, live, fresh, chilled, frozen, dried, salted or in brine, smoked, cooked or not before or during smoking, includes edible flours, meals, and pellets~Molluscs and other aquatic invertebrates; live, fresh or chilled (whether in shell or not), n.e.c. in heading no. 0307"
0112,"Meat; of goats, fresh, chilled or frozen"
0113,"Meat; of swine, n.e.s. in item no. 0203.2, frozen~Meat; of swine, n.e.c. in item no. 0203.2, frozen"
0114,"Meat and edible offal; of guinea fowls, fresh, chilled or frozen~Meat and edible offal; of the poultry of heading no. 0105, of ducks, geese or guinea fowls, frozen~Meat and edible offal; of ducks, geese or guinea fowls, poultry cuts and offal (excluding livers) frozen"
0115,"Meat; of horses, asses, mules or hinnies, fresh, chilled or frozen"
0116,"Offal, edible; of sheep, goats, horses, asses, mules or hinnies, frozen"
0121,"Meat, preserved; of swine, salted, in brine, dried or smoked, n.e.c. in item no. 0210.1~Meat, preserved; of swine, salted, in brine, dried or smoked, n.e.s. in item no. 0210.1~Meat; salted in brine, dried or smoked, of swine, n.e.c. in item no. 0210.1"
0129,"Meat and edible meat offal, preserved; salted, in brine, dried or smoked, and edible flours and meals of meat or meat offal, n.e.s. in heading no. 0210~Meat; salted, in brine, dried or smoked, of bovine animals~Aquatic invertebrates; other than crustaceans, molluscs, sea urchins, sea cucumbers and jellyfish, live, fresh, chilled, frozen, dried, salted or in brine, smoked, cooked or not before or during smoking, includes edible flours, meals, and pellets~Meat, preserved; of bovine animals, salted, in brine, dried or smoked~Molluscs and other aquatic invertebrates; frozen, dried, salted or in brine (whether in shell or not), n.e.c. in heading no. 0307"
0142,"Meat preparations; sausages and similar products, of meat, meat offal or blood, and food preparations based on these products"
0149,"Homogenised composite food preparations~Meat preparations; of bovine animals, meat or meat offal, prepared or preserved (excluding livers and homogenised preparations)~Meat preparations; of meat, meat offal or the blood of any animal, n.e.s. in heading no. 1602"
0141,"Extracts and juices; of meat, fish or crustaceans, molluscs or other aquatic invertebrates"
0223,"Dairy produce; natural milk constituents (excluding whey), whether or not containing added sugar or other sweetening matter, n.e.c. in chapter 04~Dairy produce; natural milk constituents (excluding whey), whether or not containing added sugar or other sweetening matter, n.e.s. in chapter 04~Dairy produce; milk and cream, not concentrated, not containing added sugar or other sweetening matter, of a fat content, by weight, exceeding 10%"
0440,"Cereals; maize (corn), other than seed"
0230,Dairy produce; butter and other fats and oils derived from milk~Dairy produce; fats and oils derived from milk (other than butter or dairy spreads)
0240,"Dairy produce; cheese (not grated, powdered or processed), n.e.c. in heading no. 0406~Dairy produce; cheese (not grated, powdered or processed), n.e.s. in heading no. 0406"
0251,"Birds' eggs, in shell; preserved or cooked~Eggs; birds' eggs, in the shell, fresh, preserved or cooked"
0252,"Eggs; birds' eggs (not in shell, excluding yolks only), fresh, cooked by steaming or boiling in water, moulded, frozen, otherwise preserved, whether or not containing added sugar or other sweetening matter"
0341,"Molluscs; snails (other than sea snails), live, fresh, chilled, frozen, dried, salted or in brine (whether in shell or not)~Fish; livers and roes, fresh or chilled~Molluscs; snails, other than sea snails, whether in shell or not, live, fresh, chilled, frozen, dried, salted, in brine, or smoked, cooked or not before or during the smoking process~Fish meat; excluding fillets, whether or not minced; fresh or chilled, of fish n.e.c. in item no. 0304.5"
0342,"Fish; fish meat n.e.s. in heading no. 0304 (whether or not minced), fresh, chilled or frozen~Fish meat, excluding fillets, whether or not minced; frozen, n.e.c. in item no. 0304.9~Fish; fish meat (whether or not minced) other than fillets, frozen, excluding swordfish (Xiphias gladius) and toothfish (Dissostichus spp.)"
0343,"Fish; fillets and other fish meat (whether or not minced), fresh or chilled, other than swordfish (Xiphias gladius) and toothfish (Dissostichus spp.)~Fish; fillets and other fish meat, fresh or chilled (whether or not minced)~Fish meat; excluding fillets, whether or not minced; fresh or chilled, of fish n.e.c. in item no. 0304.5"
0344,"Fish; fillets, frozen~Fish fillets; frozen, of fish n.e.c. in heading 0304.8~Fish; fillets, frozen, other than swordfish (Xiphias gladius) and toothfish (Dissostichus spp.)"
0350,"Fish; edible offal, other than shark fins, fish heads, tails and maws"
0360,"Aquatic invertebrates; sea urchins (Strongylocentrotus spp., Paracentrotus lividus, Loxechinus albus, Echinus esculentus), live, fresh or chilled~Aquatic invertebrates; other than crustaceans, molluscs, sea urchins, sea cucumbers and jellyfish, live, fresh, chilled, frozen, dried, salted or in brine, smoked, cooked or not before or during smoking, includes edible flours, meals, and pellets~Molluscs and other aquatic invertebrates; frozen, dried, salted or in brine (whether in shell or not), n.e.c. in heading no. 0307~Molluscs and other aquatic invertebrates; frozen, dried, salted or in brine (whether in shell or not), n.e.s. in heading no. 0307"
0371,"Homogenised composite food preparations~Fish preparations; caviar substitutes, prepared from fish eggs~Fish preparations; caviar and caviar substitutes"
0372,"Crustacean preparations; other than crab, shrimps, prawns, and lobsters, prepared or preserved~Molluscs and other aquatic invertebrates; prepared or preserved (excluding crustaceans)~Homogenised composite food preparations"
0412,"Cereals; wheat and meslin, other than durum wheat, other than seed~Cereals; meslin and wheat other than durum"
0411,"Cereals; wheat and meslin, durum wheat, other than seed~Cereals; durum wheat"
0430,"Cereals; barley~Cereals; barley, other than seed"
0451,"Cereals; rye, other than seed~Cereals; rye"
0452,"Cereals; oats~Cereals; oats, other than seed"
1211,"Tobacco, (not stemmed or stripped)"
0482,Malt; roasted
0483,"Food preparations; couscous~Food preparations; pasta, uncooked (excluding that containing eggs), not stuffed or otherwise prepared"
0484,"Food preparations; bakers' wares n.e.c. in heading no. 1605, whether or not containing cocoa; communion wafers, empty cachets suitable for pharmaceutical use, sealing wafers, rice papers and similar products"
0488,"Food preparations; of flour, meal, starch, malt extract or milk products, for uses n.e.s. in heading no. 1901~Soups and broths and preparations therefor"
0541,"Vegetables; potatoes (other than seed), fresh or chilled"
0542,"Vegetables, leguminous; n.e.s. in heading no. 0713, shelled, whether or not skinned or split, dried~Vegetables, leguminous; n.e.c. in heading no. 0713, shelled, whether or not skinned or split, dried"
0544,"Vegetables; tomatoes, fresh or chilled"
0561,"Vegetables; mixtures of vegetables n.e.s. in heading no. 0712, whole, cut, sliced, broken or in powder but not further prepared, dried~Spices; fruits of the genus Capsicum or Pimenta, crushed or ground~Spices; fruits of the genus capsicum or pimenta, dried or crushed or ground~Vegetables; mixtures of vegetables n.e.c. in heading no. 0712, whole, cut, sliced, broken or in powder but not further prepared, dried"
0576,"Nuts, edible; mixtures of nuts or dried fruits of chapter 08~Fruit, edible; figs, fresh or dried~Nuts, edible; mixtures of nuts or dried fruits of chapter 8"
0579,"Fruit, edible; fruits n.e.c. in heading no. 0801 to 0810, fresh"
0573,"Fruit, edible; bananas, (including plantains), fresh or dried~Nuts, edible; mixtures of nuts or dried fruits of chapter 08~Nuts, edible; mixtures of nuts or dried fruits of chapter 8~Fruit, edible; bananas, other than plantains, fresh or dried"
0574,"Fruit, edible; apples, fresh"
0582,"Vegetables, fruit, nuts, fruit~Fruit, nuts, fruit"
0583,"Jams, fruit jellies, marmalades, purees and pastes; of fruit or nuts n.e.c. in heading no. 2007, cooked preparations (excluding homogenised), whether or not containing added sugar or other sweetening matter~Jams, fruit jellies, marmalades, purees and pastes; of fruit or nuts n.e.s. in heading no. 2007, cooked preparations (excluding homogenised), whether or not containing added sugar or other sweetening matter"
0611,"Sucrose; chemically pure, containing added flavouring or colouring matter, in solid form~Sugars; cane sugar, raw, in solid form, other than as specified in Subheading Note 2 to this chapter, not containing added flavouring or colouring matter~Sugars; beet sugar, raw, in solid form, not containing added flavouring or colouring matter~Sugars; sucrose, chemically pure, in solid form, containing added flavouring or colouring matter"
0612,"Sucrose; chemically pure, not containing added flavouring or colouring matter, in solid form~Sugars; sucrose, chemically pure, in solid form, not containing added flavouring or colouring matter"
0615,"Sugars; molasses, from sugar beet, resulting from the extraction or refining of sugar"
0616,Honey; natural
0619,"Sugars; n.e.s. in heading no. 1702, including invert sugar~Sugars; n.e.c. in heading no. 1702, including invert sugar and other sugar and sugar syrup blends containing, in the dry state, 50% by weight of fructose"
0620,"Sugar confectionery; (excluding chewing gum, including white chocolate), not containing cocoa"
0712,"Chicory, roasted and other roasted coffee substitutes; extracts, essences and concentrates thereof"
0711,"Coffee; husks and skins, coffee substitutes containing coffee in any proportion"
0721,"Cocoa beans; whole or broken, raw or roasted"
0722,"Cocoa; powder, not containing added sugar or other sweetening matter"
0730,Ice cream and other edible ice; whether or not containing cocoa~Chocolate and other food preparations containing cocoa; n.e.s. in chapter 18~Food preparations; obtained from unroasted cereal flakes or from mixtures of unroasted cereal flakes and roasted cereal flakes or swelled cereals
0741,"Tea, black; (fermented) and partly fermented tea, in immediate packings of a content exceeding 3kg"
0742,Mate
0751,"Spices; pepper (of the genus piper), crushed or ground~Spices; fruits of the genus Capsicum or Pimenta, crushed or ground~Spices; fruits of the genus capsicum or pimenta, dried or crushed or ground"
0913,"Poultry fat; other than that of heading 0209 or 1503~Lard; other pig fat and poultry fat, rendered, whether or not pressed or solvent~Animal fat; pig and poultry fat (including lard), other than that of heading no. 0209 or 1503"
1122,"Beverages, fermented; (e.g. cider, perry, mead)~Beverages, fermented; (e.g. cider, perry, mead, sake)~Beverages, fermented; (eg cider, perry, mead)~Beverages, fermented; (egg cider, perry, mead)"
1123,Beer; made from malt
1213,Tobacco refuse
1212,Tobacco; partly or wholly stemmed or stripped
1221,"Cigars, cheroots and cigarillos; containing tobacco including the weight of every band, wrapper or attachment thereto~Cigars, cigarillos and cheroots; containing tobacco substitutes including the weight of every band, wrapper or attachment thereto"
1222,"Cigars, cigarillos and cheroots; containing tobacco substitutes including the weight of every band, wrapper or attachment thereto"
1223,"Tobacco; other than homogenised or reconstituted or smoking~Tobacco; other than ""homogenised"" or ""reconstituted"" or ""smoking"""
2111,"Hides and skins; (not whole), but including butts, bends and bellies, of bovine (incl. buffalo) and equine animals, fresh, salted or preserved, but not tanned, parchment dressed or further prepared, whether or not dehaired or split~Hides and skins; other than whole, but including butts, bends and bellies, of bovine (including. buffalo) and equine animals, fresh, salted or preserved, but not tanned, parchment dressed or further prepared, whether or not dehaired or split~Hides and skins; raw, of equine animals, fresh or salted, dried, limed, pickled or otherwise preserved (excluding tanned, parchment"
2116,"Skins; raw, of sheep or lambs, fresh, or salted, dried, limed, pickled or otherwise preserved, (but not tanned, parchment"
2117,"Hides and skins; raw, of animals n.e.c. in this chapter, fresh, salted, dried, limed, pickled or otherwise preserved, (but not tanned, parchment~Skins; raw, of sheep or lambs, fresh or salted, dried, limed or otherwise preserved other than by pickling, (but not tanned, parchment"
2112,"Hides and skins; (not whole), but including butts, bends and bellies, of bovine (incl. buffalo) and equine animals, fresh, salted or preserved, but not tanned, parchment dressed or further prepared, whether or not dehaired or split~Hides and skins; other than whole, but including butts, bends and bellies, of bovine (including. buffalo) and equine animals, fresh, salted or preserved, but not tanned, parchment dressed or further prepared, whether or not dehaired or split~Hides and skins; raw, whole, of bovine or equine animals, of a weight per skin not exceeding 8kg when simply dried, 10kg when dry~Hides and skins; raw, whole, of bovine animals, weight per skin not exceeding 8kg when simply dried, 10kg when dry"
2114,"Hides and skins; raw, of animals n.e.c. in this chapter, fresh, salted, dried, limed, pickled or otherwise preserved, (but not tanned, parchment~Hides and skins; raw, of goats or kids (fresh or salted, dried, limed, pickled or otherwise preserved, but not tanned, parchment"
2120,"Hides and skins; raw, of animals n.e.c. in this chapter, fresh, salted, dried, limed, pickled or otherwise preserved, (but not tanned, parchment"
2221,Ground
2222,"Soya beans; other than seed, whether or not broken~Soya beans; whether or not broken"
2223,"Oil seeds; cotton seeds, other than seed, whether or not broken~Oil seeds; cotton seeds, whether or not broken"
2224,"Oil seeds; sunflower seeds, whether or not broken"
2225,"Oil seeds; sesamum seeds, whether or not broken"
2226,"Oil seeds; rape or colza seeds, other than low erucic, whether or not broken~Oil seeds; rape or colza seeds, whether or not broken"
2231,Copra
2232,"Oleaginous fruits; palm nuts and kernels, whether or not broken~Oil seeds and oleaginous fruits; n.e.c. in heading no. 1207, whether or not broken"
2234,"Oil seeds; linseed, whether or not broken"
2235,"Oil seeds and oleaginous fruits; n.e.c. in heading no. 1207, whether or not broken~Oil seeds; castor oil seeds, whether or not broken"
2238,"Oil seeds and oleaginous fruits; n.e.s. in heading no. 1207, whether or not broken~Oil seeds and oleaginous fruits; n.e.c. in heading no. 1207, whether or not broken"
2239,Flours and meals of oil seeds or oleaginous fruits; excluding soya beans and mustard seeds
2479,"Wood; in the rough, whether or not stripped of bark or sapwood, or roughly squared, untreated, n.e.c. in heading no. 4403~Wood; in the rough, whether or not stripped of bark or sapwood, or roughly squared; treated with paint, stains, creosote or other preservatives"
2481,Wood; railway or tramway sleepers (cross
2482,"Wood; coniferous species, other than of pine (Pinus spp.) or fir (Abies spp.) or spruce (Picea spp.), sawn or chipped lengthwise, sliced or peeled, whether or not planed, sanded or finger"
2511,"Paper or paperboard; waste and scrap, of paper or paperboard n.e.s. in heading no. 4707 and of unsorted waste and scrap~Paper or paperboard; waste and scrap, of paper or paperboard n.e.c. in heading no. 4707 and of unsorted waste and scrap"
2512,Wood pulp; mechanical wood pulp
2516,"Wood pulp; chemical wood pulp, dissolving grades"
2613,Silk; raw silk (not thrown)
2631,Cotton; not carded or combed
2632,Vegetable products; cotton linters
2633,Cotton; waste other than garnetted stock and yarn (including thread) waste
2634,Cotton; carded or combed
2640,"Jute and other textile bast fibres; processed but not spun, tow and waste of these fibres, including yarn waste and garnetted stock (excluding flax, hemp (cannabis sativa L.), and ramie)"
2652,"Hemp (cannabis sativa L.); processed (other than retted) (but not spun), true hemp tow and waste (including yarn waste and garnetted stock)"
2654,"Coconut, abaca (Manila hemp or Musa textilis Nee), ramie and other vegetable textile fibres n.e.c., raw or processed but not spun; tow, noils and waste of these fibres (including yarn waste and garnetted stock)~Sisal and other textile fibres of the genus agave; processed (but not spun), tow and waste of these fibres, including yarn waste and garnetted stock"
2655,"Coconut, abaca (Manila hemp or Musa textilis Nee), ramie and other vegetable textile fibres n.e.c., raw or processed but not spun; tow, noils and waste of these fibres (including yarn waste and garnetted stock)~Abaca (manila hemp or musa textilis nee); processed but not spun, tow, noils and waste, including yarn waste and garnetted stock"
2681,"Wool; (other than shorn), greasy (including fleece"
2682,"Wool; (not carded or combed), carbonised"
2683,"Hair; fine animal hair, not carded or combed~Hair; fine animal hair, not carded or combed, other than of kashmir (cashmere) goats"
2687,"Hair; coarse animal hair, carded or combed"
2711,"Fertilizers, animal or vegetable; whether or not mixed together or chemically treated; fertilizers, produced by the mixing or chemical treatment of animal or vegetable products"
2714,"Fertilizers, mineral or chemical; potassic, n.e.c. in heading no. 3104~Fertilizers, mineral or chemical; potassic, carnallite, sylvite and other crude natural potassium salts"
2712,"Fertilizers, mineral or chemical; nitrogenous, sodium nitrate"
2733,"Sands; natural, (other than silica and quartz sands), whether or not coloured, (other than metal"
2734,"Stones; of heading no. 2515 or 2516 (excluding marble), in granules, chippings and powder, whether or not heat"
2741,"Sulphur; other kinds excluding crude, unrefined, sublimed, precipitated and colloidal~Sulphur of all kinds; other than sublimed, precipitated and colloidal sulphur"
2742,Iron pyrites; unroasted
2771,"Diamonds; industrial, (other than unworked or simply sawn, cleaved or bruted), but not mounted or set"
2783,Salt (including table salt and denatured salt); pure sodium chloride whether or not in aqueous solution; sea water
2784,Asbestos; other than crocidolite (blue asbestos)~Asbestos
2814,Iron pyrites; roasted
2815,Iron ores and concentrates; non
2816,Iron ores and concentrates; agglomerated (excluding roasted iron pyrites)
2860,Thorium ores and concentrates
2874,Lead ores and concentrates
2875,Zinc ores and concentrates
2876,Tin ores and concentrates
2877,"Manganese ores and concentrates, including manganiferous iron ores and concentrates with a manganese content of 20% or more, calculated on the dry weight~Manganese ores and concentrates, including ferruginous manganese ores and concentrates with a manganese content of 20% or more, calculated on the dry weight"
2881,"Ash and residues; (other than from the manufacture of iron or steel),not containing mainly lead, or arsenic, mercury, thallium, antimony, beryllium, cadmium, chromium or their mixtures~Ash and residues; (not from the manufacture or iron or steel), containing mainly metals or metal compounds n.e.s. in heading no. 2620~Slag, ash and residues; (not from the manufacture of iron or steel), containing mainly metals or their compounds, n.e.c. in heading no. 2620"
2922,"Natural gums, resins, gum"
2923,Vegetable materials of a kind used primarily for plaiting; n.e.c. in heading no. 1401~Vegetable materials of a kind used primarily for plaiting; n.e.s. in heading no. 1401
2924,"Seaweeds and other algae; of a kind used primarily for human consumption, fresh, chilled, frozen or dried, whether or not ground~Ephedra, of a kind used primarily in perfumery, in pharmacy or for insecticidal, fungicidal or similar purposes, fresh, chilled, frozen or dried, whether or not cut, crushed or powdered~Seaweeds and other algae; not fit for human consumption, fresh, chilled, frozen or dried, whether or not ground~Plants and parts (including seeds and fruits) n.e.s. in heading no. 1211, used primarily in perfumery, pharmacy or for insecticidal, fungicidal purposes; fresh or dried, whether or not cut, crushed or powdered"
2925,"Seed; n.e.c. in heading no. 1209, of a kind used for sowing~Seed; n.e.s. in heading no. 1209, of a kind used for sowing~Seeds; n.e.c. in heading 1209, of a kind used for sowing"
3221,"Coal; anthracite, whether or not pulverised, but not agglomerated"
3222,"Coal; (other than anthracite and bituminous), whether or not pulverised but not agglomerated"
3223,"Lignite; whether or not pulverised, but not agglomerated, excluding jet"
3224,"Peat; (including peat litter), whether or not agglomerated"
3232,Coke and semi
3330,"Oils; petroleum oils and oils obtained from bituminous minerals, crude"
3343,"Waste Oils; of petroleum or obtained from bituminous minerals, not crude and preparations n.e.c., weight 70% or preparations of the same, not containing polychlorinated biphenyls (PCBs), polychorinated terphenyls (PCTs) or polybrominated biphenyls (PBBs)~Diesel oils"
3344,"Waste Oils; of petroleum or obtained from bituminous minerals, not crude and preparations n.e.c., weight 70% or preparations of the same, not containing polychlorinated biphenyls (PCBs), polychorinated terphenyls (PCTs) or polybrominated biphenyls (PBBs)~Petroleum oil used in road building **LEGACY NON"
3345,Petroleum oils and products nes **LEGACY NON
3414,"Petroleum gases and other gaseous hydrocarbons; in gaseous state, other than natural gas"
3415,"Gases; coal, water, producer and similar gases (excluding petroleum and other gaseous hydrocarbons)"
3510,Electrical energy
4232,"Animal or vegetable fats and oils and their fractions; oxidised, boiled or otherwise chemically modified, (excluding those of heading no. 1516), inedible mixtures or preparations of fats or oils~Vegetable oils; soya"
4233,"Animal or vegetable fats and oils and their fractions; oxidised, boiled or otherwise chemically modified, (excluding those of heading no. 1516), inedible mixtures or preparations of fats or oils~Vegetable oils; cotton"
4234,"Animal or vegetable fats and oils and their fractions; oxidised, boiled or otherwise chemically modified, (excluding those of heading no. 1516), inedible mixtures or preparations of fats or oils~Vegetable oils; ground"
4235,"Vegetable oils; olive oil and its fractions, virgin, whether or not refined, but not chemically modified~Animal or vegetable fats and oils and their fractions; oxidised, boiled or otherwise chemically modified, (excluding those of heading no. 1516), inedible mixtures or preparations of fats or oils~Vegetable oils; oils and their fractions n.e.s. in chapter 15, obtained solely from olives, whether or not refined, but not chemically modified, including blends of these oils or fractions with oils or fractions of heading no. 1509"
4236,"Vegetable oils; sunflower seed or safflower oil and their fractions, other than crude, whether or not refined, but not chemically modified~Vegetable oils; sunflower seed or safflower oil and their fractions, crude, not chemically modified~Animal or vegetable fats and oils and their fractions; oxidised, boiled or otherwise chemically modified, (excluding those of heading no. 1516), inedible mixtures or preparations of fats or oils"
4241,"Animal or vegetable fats and oils and their fractions; oxidised, boiled or otherwise chemically modified, (excluding those of heading no. 1516), inedible mixtures or preparations of fats or oils~Vegetable oils; linseed oil and its fractions, other than crude, whether or not refined, but not chemically modified~Vegetable oils; linseed oil and its fractions, crude, not chemically modified"
4242,"Vegetable oils; palm oil and its fractions, other than crude, whether or not refined, but not chemically modified~Animal or vegetable fats and oils and their fractions; oxidised, boiled or otherwise chemically modified, (excluding those of heading no. 1516), inedible mixtures or preparations of fats or oils"
4243,"Animal or vegetable fats and oils and their fractions; oxidised, boiled or otherwise chemically modified, (excluding those of heading no. 1516), inedible mixtures or preparations of fats or oils~Vegetable oils; coconut (copra) oil and its fractions, other than crude, whether or not refined, but not chemically modified~Vegetable oils; coconut (copra) oil and its fractions, crude, not chemically modified"
4244,"Animal or vegetable fats and oils and their fractions; oxidised, boiled or otherwise chemically modified, (excluding those of heading no. 1516), inedible mixtures or preparations of fats or oils~Vegetable oils; palm kernel or babassu oil and their fractions, other than crude, whether or not refined, but not chemically modified"
4245,"Animal or vegetable fats and oils and their fractions; oxidised, boiled or otherwise chemically modified, (excluding those of heading no. 1516), inedible mixtures or preparations of fats or oils~Vegetable oils; castor oil and its fractions, whether or not refined, but not chemically modified"
4249,"Vegetable oils; maize (corn) oil and its fractions, crude, not chemically modified~Animal or vegetable fats and oils and their fractions; oxidised, boiled or otherwise chemically modified, (excluding those of heading no. 1516), inedible mixtures or preparations of fats or oils~Vegetable fats and oils and their fractions; fixed, n.e.s. in heading no. 1515, whether or not refined, but not chemically modified"
4311,"Animal or vegetable fats and oils and their fractions; oxidised, boiled or otherwise chemically modified, (excluding those of heading no. 1516), inedible mixtures or preparations of fats or oils"
4312,"Vegetable oils; sesame oil and its fractions, whether or not refined, but not chemically modified~Vegetable fats and oils and their fractions; partly or wholly hydrogenated, inter"
5111,"Acyclic hydrocarbons; unsaturated, n.e.c. in heading no. 2901"
5114,"Derivatives of hydrocarbons; n.e.s. in heading no. 2904, whether or not halogenated~Derivatives of hydrocarbons n.e.c. in heading no. 2904, whether or not halogenated~Derivatives of hydrocarbons; n.e.c. in heading no. 2904, whether or not halogenated"
5122,"Alcohols; aromatic and derivatives, other than benzyl alcohol"
5139,"Prostaglandins, thromboxanes and leukotrienes, their derivatives and structural analogues~Acids; carboxylic acids, with additional oxygen function (not alcohol, phenol, aldehyde or ketone) and their anhydrides, halides, peroxides and peroxyacids; their halogenated, sulphonated, nitrated or nitrosated derivatives; other than 2,4,5~Acids; carboxylic acids, with additional oxygen function and their anhydrides, halides, peroxides and peroxyacids, n.e.s. in heading no. 2918"
5145,Amine
5146,Amino
5147,"Heterocyclic compounds; containing an unfused triazine ring (whether or not hydrogenated) in the structure, others excluding melamine~Heterocyclic compounds; containing a pyrimidine ring (whether or not hydrogenated) or piperazine ring in the structure, malonylurea (barbituric acid) and its derivatives; salts thereof~Heterocyclic compounds; with nitrogen hetero~Heterocyclic compounds; containing an unfused imidazole ring (whether or not hydrogenated) in the structure, hydantoin and its derivatives"
5154,"Heterocyclic compounds; containing an unfused triazine ring (whether or not hydrogenated) in the structure, others excluding melamine~Organo"
5155,Organo
5222,Phosphoric acid and polyphosphoric acids
5241,Spent (irradiated) fuel elements (cartridges) of nuclear reactors
5311,"Dyes; n.e.c., including mixtures of colouring matter of two or more of those from item no. 3204.11 to 3204.19~Dyes; n.e.s., including mixtures of colouring matter of two or more of those from item no. 3204.11 to 3204.19"
5323,"Tanning substances; inorganic tanning substances; tanning preparations, whether or not containing natural tanning substances; enzymatic preparations for pre"
5331,Colouring matter; inorganic products of a kind used as luminophores
5332,"Ink; for printing, other than black, whether or not concentrated or solid"
5334,"Pigments; of a kind used in the manufacture of paints, other than stamping foils"
5411,"Vitamins; n.e.s. in heading no. 2936, including natural concentrates~Vitamins; n.e.c. in heading no. 2936, including natural concentrates"
5414,"Alkaloids; of vegetal origin, other than cocaine, ecgonine, levometamfetamine, metamfetamine (INN), metamfetamine racemate; salts, esters and other derivatives; n.e.c. in heading no. 2939~Alkaloids, vegetable; natural or reproduced by synthesis, and their salts, esters and other derivatives n.e.c. in heading no. 2939~Alkaloids, vegetable; natural or reproduced by synthesis, and their salts, esters and other derivatives n.e.s. in heading no. 2939"
5415,"Polypeptide hormones, protein hormones and glycoprotein hormones, their derivatives and structural analogues; other than somatotropin, (its derivatives and structural anaologues) and insulin and its salts"
5419,Pharmaceutical goods; waste pharmaceuticals
5513,"Resinoids~Oils, essential; concentrates in fats, fixed oils, waxes and the like, terpenic by"
5514,Odoriferous substances and mixtures; used as raw materials in industries other than the food or drink industries
5530,"Soap and organic surface~Perfumes and deodorizers; perfuming or deodorizing preparations for rooms, (excluding those which operate by burning)~Perfumes and deodorizors; perfuming or deodorizing preparations n.e.s. in heading no. 3307"
5541,Soap; in forms n.e.c. in item no. 3401.11~Soap; in forms n.e.s. in item no. 3401.11
5542,Washing and cleaning preparations; surface
5543,"Polishes, creams and similar preparations; n.e.s. in heading no. 3405, excluding waxes of heading no. 3404~Polishes, creams and similar preparations; n.e.c. in heading no. 3405, excluding waxes of heading no. 3404"
5629,"Fertilizers, animal or vegetable; whether or not mixed together or chemically treated; fertilizers, produced by the mixing or chemical treatment of animal or vegetable products"
5722,"Fuses and detonators; safety or detonating fuses, percussion or detonating caps, igniters, electric detonators"
5723,"Pyrotechnic products; signalling flares, rain rockets, fog signals and other pyrotechnic articles (excluding fireworks)"
5829,"Wallpaper and similar wall coverings and window transparencies of paper; n.e.c. in heading 4814~Polyethers; in primary forms, excluding polyacetals~Wallpaper and similar wall coverings and window transparencies; of paper, n.e.c. in heading no. 4814"
5827,"Silicones; in primary forms~Wallpaper and similar wall coverings and window transparencies of paper; n.e.c. in heading 4814~Wallpaper and similar wall coverings and window transparencies; of paper, n.e.c. in heading no. 4814"
5828,Ion
5838,Ion
5839,"Plastics; polymers of vinyl chloride, containing by weight, less than 6% of plasticisers; plates, sheets, film, foil and strip (not self~Wallpaper and similar wall coverings and window transparencies of paper; n.e.c. in heading 4814~Plastics; plates, sheets, film, foil and strip, of plastics n.e.s. in heading no. 3921, cellular~Wallpaper and similar wall coverings and window transparencies; of paper, n.e.c. in heading no. 4814"
5837,"Wallpaper and similar wall coverings and window transparencies of paper; n.e.c. in heading 4814~Vinyl acetate copolymers; (other than in aqueous dispersion), in primary forms~Vinyl acetate polymers; (other than in aqueous dispersion), in primary forms~Wallpaper and similar wall coverings and window transparencies; of paper, n.e.c. in heading no. 4814"
5841,"Wallpaper and similar wall coverings and window transparencies of paper; n.e.c. in heading 4814~Plastics; plates, sheets, film, foil and strip, of regenerated cellulose, cellular~Wallpaper and similar wall coverings and window transparencies; of paper, n.e.c. in heading no. 4814"
5842,Cellulose nitrates (including collodions); in primary forms
5849,"Cellulose and its chemical derivatives; n.e.s. in item no. 3912, in primary forms"
5851,"Wallpaper and similar wall coverings and window transparencies of paper; n.e.c. in heading 4814~Polymers, natural and modified natural; in primary forms (excluding alginic acid, its salts and esters)~Wallpaper and similar wall coverings and window transparencies; of paper, n.e.c. in heading no. 4814"
5911,"Insecticides; other than containing goods specified in Subheading Notes 1 & 2 to this Chapter; put up in forms or packings for retail sale or as preparations or articles~Insecticides; put up in forms or packings for retail sale or as preparations or articles~Rodenticides and other similar products n.e.c. in heading no. 3808.9; other than containing goods specified in Subheading Note 1 in this Chapter, put up in forms or packings for retail sale or as preparations or articles~Rodenticides and similar products; not containing substances of 3808.50; n.e.c. in heading no. 3808.9, in forms, packings or articles for retail sale"
5912,"Fungicides; put up in forms or packings for retail sale or as preparations or articles~Fungicides; other than containing goods specified in Subheading Note 1 to this Chapter; put up in forms or packings for retail sale or as preparations or articles~Rodenticides and other similar products n.e.c. in heading no. 3808.9; other than containing goods specified in Subheading Note 1 in this Chapter, put up in forms or packings for retail sale or as preparations or articles~Rodenticides and similar products; not containing substances of 3808.50; n.e.c. in heading no. 3808.9, in forms, packings or articles for retail sale"
5913,"Herbicides, anti~Rodenticides and other similar products n.e.c. in heading no. 3808.9; other than containing goods specified in Subheading Note 1 in this Chapter, put up in forms or packings for retail sale or as preparations or articles~Rodenticides and similar products; not containing substances of 3808.50; n.e.c. in heading no. 3808.9, in forms, packings or articles for retail sale"
5982,"Oxidation and gum inhibitors, viscosity improvers, anti"
6114,"Leather; further prepared after tanning or crusting, incl. parchment~Leather; bovine and equine, without hair on,( excluding full grains and grain splits), parchment"
6115,"Leather; further prepared after tanning or crusting, including parchment dressed leather, of sheep or lamb, without wool on, whether or not split, other than leather of heading 41.14~Leather; of sheep or lamb, without wool on, parchment"
6112,"Leather; composition leather, with a basis of leather or leather fibres, in slabs, sheets or strip, whether or not in rolls~Leather; composition leather with a basis of leather or leather fibre, in slabs, sheets or strip, whether or not in rolls"
6113,"Leather; further prepared after tanning or crusting, incl. parchment~Leather; whole bovine skin, without hair on, of a unit surface area not exceeding 28 square feet (2.6m2), excluding leather of heading no. 4108 and 4109"
6121,"Leather articles; n.e.c. in chapter 42, of leather or composition leather~Leather articles; of a kind used in machinery, mechanical appliances or for other technical uses, of leather or composition leather"
6122,"Saddlery and harness; for any animal (including traces, leads, knee pads, muzzles, saddle cloths, saddle bags, dog coats and the like), of any materials"
6123,"Footwear; of materials n.e.s. in heading no. 6406~Footwear; of materials n.e.c. in heading no. 6406~Footwear; parts, n.e.c. in heading 6406"
6129,"Leather articles; n.e.s. in chapter 42, of leather or composition leather~Leather articles; n.e.c. in chapter 42, of leather or composition leather~Lamps and light fittings; parts thereof, of materials other than glass or plastics"
6130,"Furskins; tanned or dressed, whole skins and pieces or cuttings thereof, assembled, excluding goods of heading no. 4303~Furskins; tanned or dressed, heads, tails, paws and other pieces or cuttings, not assembled, excluding goods of heading no. 4303"
6210,"Rubber; unvulcanised, compounded with carbon black or silica, in primary forms or in plates, sheets or strip"
6251,"Rubber; new pneumatic tyres, of a kind used on motor cars (including station wagons and racing cars)"
6252,"Rubber; new pneumatic tyres, of a kind used on buses or lorries"
6253,"Rubber; new pneumatic tyres, of a kind used on aircraft"
6254,"Rubber; new pneumatic tyres, of a kind used on bicycles"
6281,"Rubber; vulcanised (other than hard rubber), hygienic or pharmaceutical articles (excluding sheath contraceptives), with or without fittings of hard rubber"
6282,"Rubber; vulcanised, conveyor or transmission belts or belting, of a width 20cm or less~Rubber; vulcanised, conveyor or transmission belts or belting, n.e.c. in heading no. 4010~Rubber; vulcanised, transmission belts or belting, n.e.s. in heading no. 4010"
6341,"Wood; n.e.c. in heading no. 4408, sheets for veneer or plywood, other wood sawn lengthwise, sliced or peeled, whether or not planed, sanded or end~Wood; n.e.s. in heading no. 4408, sheets for veneer or plywood, other wood sawn lengthwise, sliced or peeled, whether or not planed, sanded or finger"
6342,"Plywood; consisting only of sheets of wood, each ply 6mm or thinner, not containing an outer ply of non~Plywood, veneered panels and similar laminated wood (other than blockboard, laminboard and battenboard, other than of bamboo, and other than plywood consisting only of sheets of wood each ply 6mm or thinner)~Plywood; consisting only of wood, each ply not thicker than 6mm, with at least one outer ply of wood n.e.s. in item no. 4412.11 and 4412.12"
6351,"Wood; pallets, box pallets and other load boards; pallet collars~Wood; cases, boxes, crates, drums, similar packings and cable"
6352,"Wood; casks, barrels, vats, tubs and other coopers' products and parts thereof, of wood, including staves"
6353,"Wood; builders' joinery and carpentry of wood n.e.c. in heading no. 4418, other than of bamboo~Buildings; prefabricated"
6411,Newsprint; made of fibres by a chemi~Uncoated paper and paperboard (not 4801 or 4803); over 10% by weight of mechanical or chemi~Newsprint; in rolls or sheets
6415,"Paper and paperboard; sulphite wrapping paper, uncoated, in rolls or sheets"
6418,"Paper and paperboard; coated, impregnated or covered with plastics (excluding adhesives), other than bleached and weighing more than 150g/m2, other than goods of heading no. 4803, 4809, or 4810"
6421,"Paper and paperboard; box files, letter trays, storage boxes and similar articles, used in offices, shops or the like of paper, paperboard, cellulose wadding or webs of cellulose fibres"
6422,"Paper and paperboard; boxes, pouches, wallets and writing compendiums containing an assortment of paper stationery~Paper and paperboard; registers, account books, note books, order books, receipt books, letter pads, memorandum pads, diaries and similar articles"
6423,Paper or paperboard; stationery n.e.c. in heading no. 4820~Paper or paperboard; stationery n.e.s. in heading no. 4820
6516,"Yarn; (not sewing thread), of synthetic staple fibres, containing less than 85% by weight of synthetic staple fibres, put up for retail sale"
6514,Man
6517,"Yarn; (not sewing thread), of artificial staple fibres, put up for retail sale"
6513,"Cotton yarn; (not sewing thread), containing less than 85% by weight of cotton, put up for retail sale"
6512,"Yarn; of wool or of fine animal hair, containing less than 85% by weight of wool or fine animal hair, put up for retail sale"
6531,"Fabrics, woven; of synthetic filament yarn, printed, n.e.c. in heading no. 5407"
6532,"Fabrics, woven; of synthetic staple fibres, containing 85% or more by weight of such fibres n.e.c. in heading no. 5512, other than unbleached or bleached~Fabrics, woven; of synthetic staple fibres, containing 85% or more by weight of such fibres n.e.s. in heading no. 5512, other than unbleached or bleached~Fabrics, woven and yarn; in sets, whether or not with accessories, for making up into rugs, tapestries, embroidered table cloths or serviettes or similar textile articles, packaged for retail sale"
6534,"Fabrics, woven; of synthetic staple fibres n.e.c. in chapter 55, mixed mainly or solely with fibres n.e.c. in heading no. 5515"
6536,"Fabrics, woven and yarn; in sets, whether or not with accessories, for making up into rugs, tapestries, embroidered table cloths or serviettes or similar textile articles, packaged for retail sale~Fabrics, woven; printed, containing 85% or more by weight of artificial staple fibres"
6539,"Fabrics; tufted textile fabrics, excluding products of heading no. 5703"
6544,"Fabrics, woven; of flax, containing less than 85% flax, other than unbleached or bleached~Fabrics, woven and yarn; in sets, whether or not with accessories, for making up into rugs, tapestries, embroidered table cloths or serviettes or similar textile articles, packaged for retail sale"
6545,"Fabrics, woven; of jute or of other textile bast fibres of heading no. 5303, other than unbleached~Fabrics, woven and yarn; in sets, whether or not with accessories, for making up into rugs, tapestries, embroidered table cloths or serviettes or similar textile articles, packaged for retail sale"
6546,"Glass fibres; woven fabrics (other than of rovings), n.e.s. in item no. 7019.5~Glass fibres; woven fabrics (other than of rovings), n.e.c. in item no. 7019.5~Glass fibres; woven fabrics, including narrow fabrics"
6541,"Silk; woven fabrics n.e.s. in heading no. 5007~Fabrics, woven and yarn; in sets, whether or not with accessories, for making up into rugs, tapestries, embroidered table cloths or serviettes or similar textile articles, packaged for retail sale"
6551,"Fabrics; warp knit, (including those made on galloon knitting machines, excluding pile fabrics), of man~Fabrics; knitted or crocheted fabrics, other than those of headings 60.01 to 60.04,and other than those made of wool, fine animal hair, cotton, synthetic or artificial fibres~Fabrics; pile fabrics (excluding long pile and loop pile), of man"
6552,"Fabrics; knitted or crocheted fabrics, other than those of headings 60.01 to 60.04,and other than those made of wool, fine animal hair, cotton, synthetic or artificial fibres"
6553,"Fabrics; knitted or crocheted (excluding pile fabrics), wider than 30cm, containing 5% or more by weight of elastomeric yarn or rubber thread~Textile fabrics, rubberised; (excluding those of heading no. 5902 and adhesive tape of a width not exceeding 20cm), knitted or crocheted~Fabrics; knitted or crocheted fabrics, other than those of headings 60.01 to 60.04,and other than those made of wool, fine animal hair, cotton, synthetic or artificial fibres"
6574,"Textile wall coverings of fabrics impregnated, coated, covered or laminated~Fabrics, woven; printed, of artificial staple fibres, n.e.c. in heading no. 5516~Fabrics; narrow (excluding pile fabrics), containing by weight 5% or more of elastomeric yarn or rubber thread"
6571,"Textiles; made up articles (including dress patterns), n.e.c. in chapter 63, n.e.c. in heading no. 6307~Felt; impregnated, coated, covered or laminated (excluding needleloom felt and stitch~Sanitary towels (pads) and tampons, napkins and napkin liners for babies and similar articles, of any material"
6572,"Camping goods; (of textile materials), n.e.c in heading no. 6306~Labels, badges and similar articles; (other than woven), of textile materials, in the piece, in strips or cut to shape or size, not embroidered~Iron or non~Sanitary towels (pads) and tampons, napkins and napkin liners for babies and similar articles, of any material"
6573,"Tulles and other net fabrics; excluding woven, knitted or crocheted fabrics, (other than fabrics of headings 60.02 to 60.06)"
6589,"Twine, cordage or rope; knotted netting, of other than man"
6581,"Sacks and bags; of a kind used for the packing of goods, of textile materials (other than jute, cotton or man"
6593,"Carpets and other textile floor coverings; woven, (not tufted or flocked), whether or not made up, including kelem, schumacks, karamanie and similar hand~Carpets and other textile floor coverings; woven, (not tufted or flocked), whether or not made up, including ""kelem"", ""schumacks"", ""karamanie"" and similar hand"
6597,"Wallpaper and similar wall coverings and window transparencies; of paper, n.e.c. in heading no. 4814~Wallpaper and similar wall coverings and window transparencies of paper; n.e.c. in heading 4814~Plaiting materials; products of non"
6611,Hydraulic lime; excluding calcium oxide and hydroxide of heading no. 2825
6612,Cement; hydraulic kinds n.e.c. in heading no. 2523~Cement; hydraulic kinds n.e.s. in heading no. 2523
6624,Finishing ceramics
6631,"Stones; hand sharpening or polishing stones, of natural stone, agglomerated natural or artificial abrasives or ceramics, with or without parts of other materials"
6632,"Abrasive powder or grain; natural or artificial, on a base of materials n.e.c. in heading no. 6805, whether or not cut to shape or sewn or otherwise made up~Abrasive powder or grain; natural or artificial, on a base of materials n.e.s. in heading no. 6805, whether or not cut to shape or sewn or otherwise made up"
6635,Minerals; mixtures and articles of heat
6637,"Refractory ceramic goods; composition of which n.e.s. in heading no. 6903, other than those of siliceous fossil meals or similar earths~Refractory ceramic goods; composition of which n.e.c. in heading no. 6903, other than those of siliceous fossil meals or similar earths"
6642,"Glasses for corrective spectacles; curved, bent, hollowed or the like, not optically worked~Optical elements; lenses n.e.c. in heading no. 9001, prisms, mirrors and other optical elements, unmounted, of any material (excluding elements of glass not optically worked)"
6643,"Glass; drawn and blown, in sheets, (other than glass coloured throughout the mass (body tinted), opacified, flashed or having an absorbent or reflecting layer)~Glass; drawn and blown, in sheets, (other than glass coloured throughout the mass (body tinted), opacified, flashed or having an absorbent, reflecting or non"
6644,"Glass; float glass and surface ground or polished glass, in sheets, wired glass, whether or not having an absorbent or reflecting layer"
6645,"Glass; cast glass and rolled glass, profiles, not otherwise worked"
6646,"Multicellular or foam glass; in blocks, panels, plates, shells or similar forms; paving blocks, slabs, bricks and other articles of pressed or moulded glass"
6647,"Glass; safety glass, laminated, (not of a size and shape suitable for incorporation in vehicles, aircraft, spacecraft or vessels)"
6648,"Glass mirrors; framed, excluding rear"
6652,"Glassware; n.e.c. in heading no. 7013, other than of lead crystal~Glassware; n.e.s. in heading no. 7013, other than of lead crystal"
6673,Stones; precious (other than diamonds) and semi
6664,"Household and toilet articles; n.e.c. in heading no. 6911, of porcelain or china~Household and toilet articles; n.e.s. in heading no. 6911, of porcelain or china"
6665,"Ceramic tableware, kitchenware, other household articles and toilet articles; other than of porcelain or china"
6666,"Ceramic statuettes and other ornamental ceramic articles; other than of porcelain or china~Lamps and light fittings; parts thereof, of materials other than glass or plastics"
6671,"Pearls; cultured, worked, whether or not graded (but not strung, mounted or set), temporarily strung for the convenience of transport~Pearls; cultured, worked, whether or not graded (but not strung, mounted or set), ungraded and temporarily strung for convenience of transport"
6674,Stones; precious or semi
6712,"Iron; alloy pig iron, spiegeleisen, in pigs, blocks or other primary forms~Iron; spiegeleisen, in pigs, blocks or other primary forms"
6724,Ferrous products; remelting scrap ingots
6732,"Steel, alloy or non"
6733,Iron or non
6747,Iron or non
6781,"Cast iron; tubes, pipes and hollow profiles"
6782,"Iron or steel (excluding cast iron); seamless, tubes, pipes and hollow profiles, seamless, n.e.c. in heading no. 7304~Iron or steel; tubes, pipes and hollow profiles, seamless, n.e.s. in heading no. 7304"
6783,"Iron or steel (excluding cast iron); tubes, pipes and hollow profiles (not seamless), n.e.c. in chapter 73~Iron or steel; tubes, pipes and hollow profiles n.e.s. in heading no. 7306"
6784,"Iron or steel (excluding cast iron); tubes and pipes n.e.c. in heading no. 7305, having circular cross"
6785,"Iron or steel; tube or pipe fittings, n.e.c. in item no. 7307.9, other than stainless steel~Iron or steel; tube or pipe fittings, n.e.s. in item no. 7307.9, other than stainless steel"
6793,"Moulding patterns; of metal, metal carbides, glass, mineral materials, rubber or plastics~Iron or steel; articles n.e.c. in item no. 7326.11, forged or stamped, but not further worked~Iron or steel; articles n.e.s. in item no. 7326.11, forged or stamped, but not further worked"
6812,"Metals; iridium, osmium, ruthenium, unwrought or in powder form"
6831,"Nickel; unwrought, alloys"
6841,"Aluminium; unwrought, alloys"
6842,"Aluminium; alloys, bars, rods and profiles, other than hollow"
6851,"Lead; unwrought, unrefined, not containing by weight antimony as the principal other element"
6852,Lead; powders and flakes
6861,"Zinc; unwrought, alloys"
6871,"Tin; unwrought, alloys"
6880,"Uranium; depleted in U235, thorium, their compounds, alloys, dispersions (including cermets), ceramic products and mixtures containing uranium depleted in U235, thorium; compounds of these products"
6911,"Buildings; prefabricated~Iron or steel; structures and parts thereof, n.e.c. in heading 7308~Iron or steel; structures and parts thereof, n.e.s. in heading no. 7308"
6912,"Aluminium; structures (excluding prefabricated buildings of heading no. 9406) and parts of structures, n.e.c. in heading no. 7610, plates, rods, profiles, tubes and the like~Aluminium; structures (excluding prefabricated buildings of heading no. 9406) and parts of structures, n.e.s. in heading no. 7610, plates, rods, profiles, tubes and the like~Buildings; prefabricated"
6932,"Iron of steel; barbed wire, twisted hoop or single flat wire and loosely twisted double wire, used for fencing"
6940,"Stationery; letter clips, letter corners, paper clips, indexing tags and similar office articles, including parts, of base metal"
6951,"Tools, hand; n.e.s. in heading no. 8201, of a kind used in agriculture, horticulture or forestry~Tools, hand; n.e.c. in heading no. 8201, of a kind used in agriculture, horticulture or forestry~Tools, hand; forks, scythes, sickles, hay knives, timber wedges, and other hand tools of a kind used in agriculture, horticulture or forestry n.e.c. in heading 8201"
6953,"Tools, hand; two or more of heading no. 8202 to 8205, put up in sets for retail sale"
6992,"Chain; parts n.e.c. in heading no. 7315, of iron or steel~Chain; parts n.e.s. in heading no. 7315, of iron or steel"
7111,Boilers; super
7112,"Boilers; condensers, for steam or other vapour power units"
7126,"Turbines; steam and other vapour turbines, for other than marine propulsion~Engines; pneumatic power engines and motors, n.e.c. in heading no. 8412~Turbines; steam and other vapour turbines, (for other than marine propulsion), of an output not exceeding 40MW"
7129,"Turbines; parts of steam and other vapour turbines~Engines; parts, for engines and motors of heading no. 8412"
7138,Engines; compression
7139,Engines; parts for internal combustion piston engines (excluding spark
7132,Engines; compression
7144,"Engines; reaction engines, other than turbo"
7149,"Engines; parts, for engines and motors of heading no. 8412"
7161,Electric generating sets; n.e.s. in heading no. 8502~Electric generating sets; (excluding those with spark
7169,Electric motors and generators; parts suitable for use solely or principally with the machines of heading no. 8501 or 8502
7163,Electric rotary converters
7188,"Engines; parts, for engines and motors of heading no. 8412~Engines; pneumatic power engines and motors, n.e.c. in heading no. 8412"
7187,Nuclear reactors; parts thereof
7223,Tractors; track
7224,Tractors; nes in heading no 8701 (other than tractors of heading no 8709)~Tractors; n.e.c. in heading no 8701 (other than tractors of heading no 8709)~Tractors; n.e.c. in heading no 8701 (other than tractors of heading no 8709); of an engine power exceeding 130kW
7239,"Machinery; parts of machines handling earth, minerals or ores and n.e.c. in heading no. 8431~Machinery; parts of machines handling earth, minerals or ores and n.e.s. in heading no. 8431~Boring or sinking machinery; parts of the machinery of item no. 8430.41 or 8430.41"
7233,"Machinery; parts of machines handling earth, minerals or ores and n.e.c. in heading no. 8431~Tamping machines and road rollers; self"
7248,"Machinery; parts of those for preparing, tanning or working hides, skins or leather, for making or repairing footwear or other articles of hides, skin or leather, other than sewing machines"
7247,"Machinery; for wringing, dressing, finishing, coating or impregnating textile yarns, fabrics or made up textile articles; for applying paste to base fabric used in manufacture of floor coverings"
7252,"Machinery; n.e.s. in heading no. 8441, for making up paper pulp, paper or paperboard~Machinery; n.e.c. in heading no. 8441, for making up paper pulp, paper or paperboard"
7281,Machine
7284,"Brooms, brushes, mops, feather dusters, squeegees, hand operated mechanical floor sweepers; (not motorised), prepared knots and tufts for brooms or brush making n.e.c."
7367,"Machines and apparatus of a kind used solely or principally for the manufacture or repair of masks and reticles, assembling semiconductor devices or electronic integrated circuits, or for lifting, handling, loading or unloading items of heading 8486~Machine"
7368,Parts & accessories suited for use solely/principally with machines of headings 8456~Machines and apparatus of heading 8486; parts and accessories~Machine
7369,Machines and apparatus of heading 8486; parts and accessories~Machine
7361,Machine
7362,Machine
7415,"Air conditioning machines; with motor driven fan and elements for temperature control, parts thereof"
7416,"Machines and apparatus of a kind used solely or principally for the manufacture of flat panel displays~Machinery, plant and laboratory equipment; parts of equipment for treating materials by a process involving a change of temperature~Machinery, plant and laboratory equipment; for treating materials by change of temperature, other than for making hot drinks or cooking or heating food"
7411,"Generators; parts of producer gas, water gas, acetylene gas and similar water process gas generators, with or without their purifiers"
7412,"Furnaces; parts of furnace burners, for liquid fuel, pulverized solid fuel or gas, mechanical stokers, grates, ash dischargers and the like"
7421,"Pumps and liquid elevators; n.e.c. in heading no. 8413~Pumps; reciprocating positive displacement pumps, n.e.s. in heading no. 8413, for liquids"
7422,"Pumps; centrifugal, n.e.s. in heading no. 8413, for liquids~Pumps; centrifugal, n.e.c. in heading no. 8413, for liquids"
7423,"Pumps; rotary positive displacement pumps, n.e.s. in heading no. 8413, for liquids~Pumps; rotary positive displacement pumps, n.e.c. in heading no. 8413, for liquids"
7429,Liquid elevators; parts thereof
7431,"Compressors; air compressors mounted on a wheeled chassis for towing~Pumps and compressors; for air, vacuum or gas, n.e.c. in heading no. 8414~Pumps and compressors; for air, vacuum or gas, n.e.s. in heading no. 8414"
7432,"Pumps and compressors; parts, of air or vacuum pumps, air or other gas compressors and fans, ventilating or recycling hoods incorporating a fan"
7433,"Pumps and compressors; parts, of air or vacuum pumps, air or other gas compressors and fans, ventilating or recycling hoods incorporating a fan"
7434,"Pumps and compressors; parts, of air or vacuum pumps, air or other gas compressors and fans, ventilating or recycling hoods incorporating a fan~Fans; n.e.s. in item no. 8414.51"
7435,"Machines and apparatus of a kind used solely or principally for the manufacture of flat panel displays~Centrifuges; n.e.s. in heading no. 8421, including centrifugal dryers (but not clothes~Centrifuges; n.e.c. in heading no. 8421, including centrifugal dryers (but not clothes"
7436,"Machinery; for filtering or purifying gases, other than intake air filters for internal combustion engines"
7439,Machines and apparatus of heading 8486; parts and accessories~Machinery; parts for filtering or purifying liquids or gases
7449,"Machinery; parts of the machinery of heading no. 8428, (other than lifts, skip hoists or escalators)~Machines and apparatus of heading 8486; parts and accessories"
7491,"Bearings; parts, (other than balls, needles and rollers)"
7492,"Taps, cocks, valves and similar appliances; parts thereof"
7493,"Transmission components; parts of those components of heading no. 8483, designed for use solely or principally with a particular machine or appliance~Transmission components; toothed wheels, chain sprockets and other transmission elements presented separately; parts"
7499,"Gasket sets or assortments of gaskets and similar joints; dissimilar in composition, put up in pouches, envelopes or similar packings"
7521,"Units of automatic data processing machines; processing units other than those of item no. 8471.41 or 8471.49, whether or not containing in the same housing one or two of the following types of unit: storage units, input units or output units~Data processing machines; analogue or hybrid automatic type"
7522,"Data processing machines; digital automatic, containing in the same housing at least a central processing unit and input and output unit, whether or not combined~Automatic data processing machines; portable, weighing not more than 10kg, consisting of at least a central processing unit, a keyboard and a display~Data processing machines; digital, automatic, (not portable, analogue or hybrid), comprising in the same housing at least a central processing unit, an input and output unit, whether or not combined~Units of automatic data processing machines; processing units other than those of item no. 8471.41 or 8471.49, whether or not containing in the same housing one or two of the following types of unit: storage units, input units or output units"
7523,"Units of automatic data processing machines; processing units other than those of item no. 8471.41 or 8471.49, whether or not containing in the same housing one or two of the following types of unit: storage units, input units or output units~Digital processing units; other than those of subheadings 8471.41 and 8471.49, whether or not containing in the same housing one or two of the following types of unit: storage units, input units or output units~Digital processing units; other than those of subheadings 8471.41 or 8471.49, whether or not containing in the same housing one or two of the following types of unit: storage units, input units or output units~Digital processing units; whether or not presented with the rest of a system, which may contain in the same housing one or two of the following: storage units, input units, output units"
7524,Units of automatic data processing machines; storage units
7525,"Data processing machines; storage units~Data processing machinery; storage units, whether or not presented with the rest of a system~Magnetic or optical readers, machines for transcribing data onto data media in coded form and machines for processing such data, not elsewhere specified or included~Projectors; other than of a kind solely or principally used in an automatic data processing system of heading 84.71"
7528,"Communication apparatus (excluding telephone sets or base stations); machines for the transmission or reception of  voice, images or other data (including wired/wireless networks), n.e.c. in item no. 8517.6~Data processing machines; n.e.s. in heading no. 8471~Data processing machinery; n.e.s in heading no. 8471~Communication apparatus (excluding telephone sets or base stations); machines for the transmission or reception of voice, images or other data (including wired/wireless networks), n.e.c. in item no. 8517.6"
7591,Machines; parts and accessories equally suitable for use with machines of two or more of heading no. 8469 to 8472
7599,"Reception and transmission apparatus; for use with the apparatus of heading no. 8525 to 8528, excluding aerials and aerial reflectors~Machines; parts and accessories (other than covers, carrying cases and the like) equally suitable for use with machines of two or more of the headings 8470 to 8472~Machines; parts and accessories of automatic data processing, magnetic or optical readers, digital processing units"
7611,"Reception apparatus for television, whether or not incorporating radio~Television receivers; colour, whether or not combined, in the same housing, with radio broadcast receivers or sound or video recording or reproducing apparatus~Video projectors"
7612,"Television receivers; black and white or other monochrome, whether or not combined, in the same housing, with radio broadcast receivers or sound or video recording or reproducing apparatus~Reception apparatus for television, whether or not incorporating radio~Video monitors; black and white and other monochrome"
7621,Radio
7622,Radio broadcast receivers capable of operating without an external power source; n.e.c. in item no. 8527.1~Radio
7628,Radio
7641,"Headphones and earphones, whether or not combined with a microphone, and sets consisting of a microphone and one or more loudspeakers~Headphones, earphones and combined microphone/speaker sets"
7642,Amplifier sets; electric sound
7643,Spacecraft; (including satellites) and suborbital and spacecraft launch vehicles~Transmission apparatus; for radio~Transmission apparatus for radio
7721,"Electrical apparatus; parts suitable for use solely or principally with the apparatus of heading no. 8535, 8536 or 8537"
7722,Circuits; printed
7723,Resistors; parts of the resistors of heading no. 8533
7731,Insulated electric conductors; for a voltage exceeding 1000 volts
7741,"Medical, surgical instruments and appliances; ultra~Medical, surgical or dental instruments and appliances; n.e.c. in heading no. 9018"
7742,Apparatus based on use of x
7753,Dish washing machines; of the household type
7754,Hair clippers; with a self~Shavers and hair clippers; parts of those with self
7757,Hair
7761,Tubes; cathode
7762,Valves and tubes; n.e.c. in heading no. 8540~Valves and tubes; n.e.s. in heading no. 8540
7763,"Electrical apparatus; photosensitive semiconductor devices n.e.s. in heading no. 8541, including photovoltaic cells, whether or not assembled in modules or made up into panels~Electrical apparatus; photosensitive semiconductor devices n.e.c. in heading no. 8541, including photovoltaic cells, whether or not assembled in modules or made up into panels"
7764,"Electronic microassemblies~Electrical parts of machinery or apparatus; n.e.c. in chapter 85~Electronic circuits and microassemblies; integrated, other than monolithic and hybrid integrated circuits"
7784,"Tools; for working in the hand, with self~Tools; for working in the hand, parts thereof for other than chain saws and pneumatic tools~Electro"
7810,"Vehicles; for transport of persons (other than those of heading no. 8702) n.e.s. in heading no. 8703, including station wagons and racing cars~Vehicles; for transport of persons (other than those of heading no. 8702) n.e.c. in heading no. 8703~Vehicles; for transport of persons (other than those of heading no. 8702) n.e.c. in heading no. 8703, including station wagons and racing cars"
7821,"Vehicles; for transport of goods, n.e.s. in heading no. 8704~Vehicles; for transport of goods, n.e.c. in heading no. 8704"
7822,Vehicles; break
7832,"Tractors; road, for semi"
7831,"Vehicles; public transport type (carries 10 or more persons, including driver), n.e.c. in heading 8702, new or used~Vehicles; public transport type (carries 10 or more passengers), other than compression"
7841,"Chassis; fitted with engines, for the motor vehicles of heading no. 8701 to 8705"
7842,"Vehicles; bodies (including cabs) for the motor vehicles of heading no. 8701, 8702, 8704 or 8705"
7849,"Vehicles; parts and accessories, n.e.s. in heading no. 8708~Vehicle parts and accessories; n.e.c. in heading no. 8708"
7851,"Motorcycles (including mopeds) and cycles; n.e.c. in heading no. 8711, fitted with auxiliary motor, with or without side~Motorcycles (including mopeds) and cycles; n.e.s. in heading no. 8711, fitted with auxiliary motor, with or without side"
7852,"Tricycles, scooters, pedal cars and similar wheeled toys; dolls' carriages; dolls; other toys; reduced~Bicycles and other cycles; including delivery tricycles, not motorised"
7911,Rail locomotives; powered by electric accumulators
7912,Rail locomotives and locomotive tenders; other than diesel
7913,"Railway or tramway coaches, vans and trucks; self~Railway or tramway maintenance or service vehicles; whether or not self"
7914,"Railway or tramway coaches; passenger coaches, luggage vans, post office coaches and other special purpose railway or tramway coaches, not self"
7921,Helicopters; of an unladen weight exceeding 2000kg
7922,Aeroplanes and other aircraft; of an unladen weight not exceeding 2000kg
7923,"Aeroplanes and other aircraft; of an unladen weight exceeding 2000kg but not exceeding 15,000kg"
7924,"Aeroplanes and other aircraft; of an unladen weight exceeding 15,000kg~Spacecraft (including satellites) and spacecraft launch vehicles~Spacecraft; (including satellites) and suborbital and spacecraft launch vehicles"
7929,Parachutes (including dirigible parachutes and paragliders) and rotochutes; parts thereof and accessories thereto~Aircraft and spacecraft; parts thereof n.e.s. in chapter 88
7931,"Vessels; other, including warships and lifeboats, other than rowing boats~Vessels; other, including lifeboats other than rowing boats, other than warships"
7933,Vessels and other floating structures; for breaking up
8121,"Boilers; parts of central heating boilers (excluding those of heading no. 8402)~Boilers; parts of auxiliary plant, for use with boilers of heading no. 8402 and 8403 and parts of condensers for steam or other vapour power units"
8122,"Ceramic sinks, wash basins, wash basin pedestals, baths, bidets, water closet pans, flushing cisterns, urinals and similar sanitary fixtures; of other than porcelain or china"
8424,"Jackets and blazers; men's or boys', of textile materials n.e.c. in item no. 6203.3 (not knitted or crocheted)"
8429,"Track suits and other garments n.e.c.; men's or boys', of textile materials n.e.c. in item no. 6211.3 (not knitted or crocheted)"
8422,"Suits; men's or boys', of textile materials n.e.c. in item no. 6203.1 (not knitted or crocheted)"
8431,"Jackets and blazers; women's or girls', of textile materials n.e.c. in item no. 6204.3 (not knitted or crocheted)"
8432,"Suits; women's or girls', of textile materials n.e.c. in item no. 6204.1 (not knitted or crocheted)"
8439,"Track suits and other garments n.e.c.; women's or girls', of textile materials n.e.c. in item no. 6211.4 (not knitted or crocheted)"
8433,"Dresses; women's or girls', of textile materials n.e.c. in item no. 6204.4 (not knitted or crocheted)"
8434,"Skirts and divided skirts; women's or girls', of textile materials n.e.c. in item no. 6204.5 (not knitted or crocheted)"
8441,"Shirts; men's or boys', of textile materials n.e.c. in heading no. 6205 (not knitted or crocheted)"
8443,"Nightdresses and pyjamas; women's or girls', of textile materials other than cotton or man"
8452,"Dresses; women's or girls', of textile materials (other than wool or fine animal hair, cotton, synthetic or artificial fibres), knitted or crocheted"
8459,"Clothing; parts, knitted or crocheted"
8451,"Jerseys, pullovers, cardigans, waistcoats and similar articles; of textile materials (other than wool or fine animal hair, cotton or man~Jerseys, pullovers, cardigans, waistcoats and similar articles; knitted or crocheted, of fine animal hair other than that of kashmir (cashmere) goats"
8472,"Gloves, mittens and mitts; knitted or crocheted, impregnated, coated or covered with plastics or rubber"
8481,"Watch straps, watch bands, watch bracelets, and parts thereof; n.e.c. in heading no. 9113~Clothing accessories; of leather or of composition leather, n.e.c. in heading no. 4203~Watch straps, watch bands, watch bracelets, and parts thereof; n.e.s. in heading no. 9113"
8510,"Footwear; with uppers of textile materials, n.e.c. in chapter 64"
8710,"Binoculars, monoculars, other optical telescopes, astronomical instruments (excluding those of radio"
8731,"Meters; electricity supply or production meters, including calibrating meters thereof"
8732,Meters; speed indicators and tachometers; stroboscopes
8743,"Regulating or controlling instruments and apparatus; automatic, other than hydraulic or pneumatic"
8744,Microtomes and parts and accessories thereof
8749,"Machines and appliances; instruments or apparatus of chapter 90; parts and accessories n.e.s. in chapter 90~Machines and appliances; instruments or apparatus of chapter 90; parts and accessories n.e.c. in chapter 90~Machines and appliances, instruments or apparatus of chapter 90; parts and accessories n.e.c. in chapter 90"
8822,"Photographic film; other than for colour photography, in rolls, sensitised, unexposed, of a width exceeding 35mm (other than of paper, paperboard or textiles)"
8821,"Photographic goods; chemical preparations other than sensitised emulsions, put up in measured portions or put up for retail sale in a form ready for use"
8830,"Cinematographic film; exposed and developed, whether or not incorporating a sound track or consisting only of sound track, of a width less than 35mm"
8922,"Newspapers, journals and periodicals; whether or not illustrated or containing advertising material, appearing less frequently than four times a week"
8931,Plastics; articles for the conveyance or packing of goods n.e.s. in heading no. 3923~Plastics; articles for the conveyance or packing of goods n.e.c. in heading no. 3923
8932,"Plastics; bidets, lavatory pans, flushing cisterns and similar sanitary ware n.e.s. in heading no. 3922~Plastics; household articles and hygienic or toilet articles"
8933,Plastics; statuettes and other ornamental articles~Artwork; collages and similar decorative plaques
8935,"Lamps and light fittings; parts thereof, of plastics~Sanitary towels (pads) and tampons, napkins and napkin liners for babies and similar articles, of any material"
8941,Baby carriages and parts thereof
8972,"Hairpins, curling pins, curling grips, hair curlers and the like (not those of heading no. 8516) and parts thereof~Watch straps, watch bands, watch bracelets, and parts thereof; of base metal, whether or not gold~Jewellery; imitation, (excluding cuff links and studs), of base metal, whether or not plated with precious metal"
8974,"Metal; precious or metal clad with precious metal, other than that of item no. 7115.10"
8981,"Musical instruments; string, played other than with a bow (e.g. guitars and harps)"
8983,"Media n.e.c. in heading 8523, whether or not recorded, excluding products of Chapter 37"
8989,"Musical instruments; parts and accessories for the musical instruments n.e.s. in heading no. 9209 and for other mechanical noise makers of chapter 92, n.e.s. in heading no. 9202~Musical instruments; parts and accessories for musical instruments n.e.c. in heading no. 9209; metronomes, tuning forks and pitch pipes"
9310,Commodities not specified according to kind
9410,"Animals; live, n.e.c. in chapter 01, other than mammals, reptiles and birds~Animals; live, n.e.c. in chapter 01, other than mammals, reptiles, birds and insects~Aquatic invertebrates; other than crustaceans, molluscs, sea urchins, sea cucumbers and jellyfish, live, fresh, chilled, frozen, dried, salted or in brine, smoked, cooked or not before or during smoking, includes edible flours, meals, and pellets~Animals; live, n.e.s. in chapter 1~Molluscs and other aquatic invertebrates; live, fresh or chilled (whether in shell or not), n.e.c. in heading no. 0307"
9610,"Coin (other than gold coin), not being legal tender"
